||1|2|3|4|5|6|7|8|9|10|11|12|13|14|15
|Weight|203.615021712|121.021256815|102.797881821|96.8308228425|85.1337376818|82.7638081862|79.8350001426|77.6664196111|74.6070181251|73.1094103855|69.0965599529|68.1365878361|66.4803049535|64.5130880771|63.5694364795
Movie ID|Title|||||||||||||||
11|Star Wars: Episode IV - A New Hope (1977)|-0.106651331763671|-0.094401475811505|0.199949047255203|0.02519571520393|-0.064437076993553|0.276259473872819|-0.206927935357407|0.05409256659615|-0.025950261627834|-0.088964290202545|-0.117163641433646|0.104473918490165|0.049531967273628|0.140639373603652|-0.03120588113185
12|Finding Nemo (2003)|-0.023980383479262|-0.026960039312455|-0.038067377099859|0.248295892155956|-0.11889445675004|-0.068092074309169|0.064116896516052|0.037390423892411|-0.082457267941614|0.0378408041117|-0.067603348241455|-0.017251874147031|-0.069223226237914|0.063107041828355|0.159912927374572
13|Forrest Gump (1994)|-0.157041787822133|-0.039888800630893|-0.224400161212369|0.062452412715041|0.09802639516162|0.078254707732546|-0.047103966313254|0.14774284085928|-0.100540072815097|-0.018726806969712|0.076231253246301|0.016129192454932|-0.040507002717745|-0.275025300880082|-0.052563589295748
14|American Beauty (1999)|-0.044468065024294|0.198715196324758|-0.006576751238333|0.00875960558573|0.056092921487058|-0.020370352479226|-0.04614999113133|0.007244091973715|0.008791457985329|-0.067561938267787|0.063375342874501|-0.177546656317265|-0.100530776560361|0.068352856828988|-0.085436784550767
22|Pirates of the Caribbean: The Curse of the Black Pearl (2003)|0.036255800340972|-0.13242133623897|0.036410246213995|0.007510240597238|-0.010657249567666|-0.06537230361103|0.0927681641009|0.003815525986693|-0.081899994536939|0.08395820894544|0.1677398393272|-0.09534037156913|0.1752846197312|0.106542090423329|-0.287539599869903
24|Kill Bill: Vol. 1 (2003)|-0.045203056740573|0.181569509899805|0.205704700862652|-0.171393675499464|-0.005188634291746|-0.11500728625644|0.180589447141484|0.525396512462504|0.03198693244159|0.047833687333364|-0.138115065394259|0.032691708276971|0.088862345146903|-0.048018074096391|0.13002008750189
38|Eternal Sunshine of the Spotless Mind (2004)|-0.048743456853188|0.161058446929866|0.014167802263355|0.024869051738235|0.047061003525934|-0.040450249752777|-0.020911030623154|-0.109094619275299|0.027812121254993|-0.055462991798613|0.059242122514223|-0.126222373837157|-0.022279536276198|0.05965409533014|0.029782607524107
63|Twelve Monkeys (a.k.a. 12 Monkeys) (1995)|-0.043142991377277|0.126401836133862|0.074891612451363|-0.041528848057984|-0.010770296304562|-0.00808349758623|-0.029304084884765|-0.104812878214336|0.008549781629165|-0.004802919773973|0.094148623245694|-0.065322012979842|0.035578663315397|-0.02856849899802|0.054183265885616
77|Memento (2000)|-0.101176837861732|0.133322032833829|-0.012022406060739|-0.024179915148521|-0.032623474626047|-0.071458803201849|-6.46E-05|-0.127380423173011|-0.023346277240979|-0.077505592050692|0.029817856985806|-0.0520917871618|-0.003957444224628|0.063916984758713|0.063371677769392
85|Raiders of the Lost Ark (Indiana Jones and the Raiders of the Lost Ark) (1981)|-0.087020232594257|0.001920758768186|0.048245779038111|0.043147575243351|-0.136802939728387|0.130877625324497|-0.067871382792673|0.034690382410506|0.166582424165041|0.04709504484706|0.052792114297739|0.095093431176343|-0.107238598350026|-0.049798782058007|-0.024794300453679
98|Gladiator (2000)|-0.095649044471234|-0.118547441760784|-0.191501805846265|-0.067173726686736|0.013967689058852|0.000774739130951|0.041532740638266|0.009761477471467|-0.015494999070347|0.064096714047749|-0.099515446349658|0.017139267440365|0.090265357973232|-0.042094097625854|-0.022019844307781
105|Back to the Future (1985)|-0.077625410170965|-0.003591110404778|0.010830431989466|0.017189441878672|-0.176168073910629|0.183951806478467|-0.06093518869874|0.047726031066628|0.137122895461574|0.046375643688232|0.149227776662924|0.002038226637707|-0.071400398228728|-0.094299233729821|0.01480293544497
107|Snatch (2000)|-0.050142327149704|0.138729541209341|0.040761967344357|-0.036312501280962|0.017148841180083|0.019384544912108|0.011670804457467|-0.070220207696236|-0.043909295267332|0.049726504982739|0.042280326300395|0.028465921319233|0.096971394588657|-0.00654109076844|-0.055369386254519
114|Pretty Woman (1990)|0.116240608968209|0.029613212520993|-0.14165528262291|0.073871158892892|0.108746629745454|-0.012435003286042|-0.114488147894915|0.145690278520219|0.102789329394445|0.044300373569732|0.007442367894266|-0.063082054636865|0.063859711477472|0.082486868691684|-0.020370090126885
120|The Lord of the Rings: The Fellowship of the Ring (2001)|-0.157497803924038|-0.22816733140033|0.227915770813564|0.038214381188017|0.290180053051775|-0.038962807363561|0.126901739842024|-0.085298702556202|0.167285136919165|0.157714657466506|-0.026912691555893|-0.060022199772902|-0.105361649650685|-0.020912223846555|-0.034651772910641
121|The Lord of the Rings: The Two Towers (2002)|-0.141332641215627|-0.228428416308082|0.226529246774051|0.035852780134184|0.298140143139331|-0.041195749024681|0.121425134140679|-0.080461181697261|0.137021531959034|0.157700832986972|-0.039055025909371|-0.075555871590888|-0.072985598677273|-0.041187799085551|-0.036739818415227
122|The Lord of the Rings: The Return of the King (2003)|-0.159159747819472|-0.229643481392305|0.211320711222967|0.034750465095957|0.291393108920859|-0.039638502569739|0.127625914311708|-0.105860257197284|0.157102956959929|0.155751944889294|-0.054643582127714|-0.075175238573834|-0.07833949499819|-0.021425897571059|-0.039500262149749
134|O Brother Where Art Thou? (2000)|-0.004053794163008|0.126744550652228|0.062323609004384|0.029321783902588|0.023608663823216|-0.011537496484186|-0.064899410457973|-0.047138978127806|0.020873747906321|-0.010265746079925|-0.026541858422364|0.039241794232211|-0.042430712200796|0.010583969847317|0.033838431057168
141|Donnie Darko (2001)|0.003985111787021|0.142987569730249|0.062278486368483|-0.002007601339507|0.042288356496653|-0.008291850156554|-0.049648140956282|-0.112038490056659|0.015739307005315|-0.018350536859462|0.053177518608831|-0.03442749428488|0.085629772719407|0.032493312572097|0.059283873248552
146|Crouching Tiger Hidden Dragon (Wo hu cang long) (2000)|-0.009102132957945|0.04543843989012|0.076534894555719|0.016669864226602|0.018687807224495|-0.081411775005373|-0.011884005965308|0.038821105913942|0.017427693397535|0.007590558642457|-0.056254231944391|-0.084031666954|-0.149510667773118|0.059144334213346|0.024461980098345
153|Lost in Translation (2003)|0.001333027983439|0.158733467930453|0.037131001433669|0.03044925863548|0.067129279557012|-0.032054726560648|-0.07780687560983|-0.088451879972303|0.024806100492135|-0.062780836716286|0.037654996132448|-0.073974825514219|-0.130044682888405|0.127605833564306|0.033692776854259
155|The Dark Knight (2008)|-0.152029046808523|-0.102862274144931|-0.023590246803199|-0.056597838971037|-0.159707745554786|-0.081340099088408|0.15125682896747|-0.19053203835505|0.015410443138119|-0.11033382893955|-0.136613900706149|-0.021755743210374|0.269019741128974|0.08965912485152|0.055892554305456
161|Ocean's Eleven (2001)|-0.011846900462703|-0.023070297523459|-0.069433258679366|-0.100461904215593|-0.057134251769848|-0.089991688395065|0.031694174503028|-0.024014880722582|-0.060032821392721|0.10664986531431|0.010926170164309|0.058692743646949|0.040317935523693|0.202420608834869|-0.072158336817993
180|Minority Report (2002)|0.006106280165027|-0.028230899427892|-0.01155409932429|-0.114488603929633|-0.053246562877392|-0.034248781053348|-0.082120071870623|-0.018584741166093|-0.012260607580806|0.0634004825375|0.072186644817265|-0.043255951857911|-0.066678079542709|0.018453285497113|0.120726482077038
187|Sin City (2005)|0.001766777228765|0.134194688938175|0.110077942872386|-0.034540809373322|0.039437465257091|0.010431038201757|0.062285732897658|0.023588399316324|-0.104798378521397|0.079040678237338|0.039007894421284|-0.070830086894625|0.093141059917599|-0.035841712936604|0.038083648363742
194|Amelie (2001)|-0.063396836291703|0.159914026046349|0.027766245737889|0.106051806573634|0.063410752428269|-0.042671951825901|-0.093911750260246|0.013136067676346|0.007811466089518|-0.052626027787714|0.073230836798287|-0.104810352866457|-0.129950495871631|0.054359486372445|-0.063620511350724
197|Braveheart (1995)|-0.048221482834898|-0.098037719301767|-0.131315138542761|-0.048507733904979|0.080154568421885|0.070152590185574|0.007579023070876|0.044345377468832|-0.005691199374621|0.068540937452958|-0.13055574249756|0.060146876595255|0.137798365733931|-0.190749565159988|-0.022808513703951
238|The Godfather (1972)|-0.183011657419888|0.000504628897911|-0.104087002869542|0.015340060007964|0.025325605933995|0.029291254519494|0.067781588227279|0.067594681872915|-0.01302153883645|-0.174143430500036|-0.045477716922314|0.036744829429828|-0.072568805392142|0.049888485371008|-0.284437279251769
243|High Fidelity (2000)|0.020929024278867|0.11447002036587|0.043075393667341|0.026762748560348|0.037567595524188|-9.40E-05|-0.079010777434701|-0.072537124609235|0.028809524057382|0.034835219355442|0.013822781113084|0.026652528662925|-0.013059202514052|0.010855154723887|0.045289782039103
268|Batman (1989)|0.084415641841752|0.00931059408607|0.081680313738131|-0.027059983515799|-0.060406219754951|0.041251119201258|-0.037900829272525|-0.028698565751278|0.004357712032744|-0.11213296084028|-0.088123244746917|-0.032240572948647|0.096217254813129|-0.077164581547097|-0.162567883923251
272|Batman Begins (2005)|-0.06449973738726|-0.06309556919402|0.039401931659309|-0.062391819608584|-0.156449493911518|-0.075648146501406|0.084940743920744|-0.191350439830976|0.02073956217384|-0.128456406587614|-0.167001739163587|-0.021107110162477|0.219926358021718|0.055888835873833|0.060732669509887
274|The Silence of the Lambs (1991)|-0.124263499037868|0.087601507771099|-0.053251742077508|-0.007180345807885|0.027318141168321|0.014608704062642|-0.003534250804251|0.020930981122043|0.017593105795816|-0.095181325467052|0.024175135774417|-0.025067509977952|-0.020504195976595|-0.071459979710229|-0.121268399590221
275|Fargo (1996)|-0.043682028957006|0.1615586592506|0.033418666051499|0.022272699781097|-0.009139344280681|-0.015172829348626|-0.073475655015213|-0.041835090225986|0.073474801863542|-0.052947354105183|-0.014389517017067|0.021147372937587|-0.101911794209738|0.029872469130452|0.000430141950091
278|The Shawshank Redemption (1994)|-0.19484441472151|-0.008067224576298|-0.17966293403922|-0.016005111627468|0.035037647870808|-0.012615357247717|0.031493616349845|-0.014780952867228|0.003321426348006|-0.094742893205114|-0.027565524063078|0.071182424125917|0.023811028875394|-0.121596615069294|-0.097828503469205
280|Terminator 2: Judgment Day (1991)|-0.043083763567005|-0.077826820457933|0.041230328421991|-0.099567931253115|-0.187589241853648|0.174559706186236|0.078859384222209|0.043757218942141|0.199076831927126|-0.0599333554113|0.124428305366196|-0.095548603360306|-0.047237616739608|-0.049202906784558|-0.062951393565204
329|Jurassic Park (1993)|-0.00730503430834|-0.10048242820759|-0.049081152274739|0.046713964347619|-0.124252342660561|0.092583990967958|0.025179284356395|0.061427738458671|0.181790927054181|-0.074031730888578|0.126708364066009|-0.063836999649792|0.010115313183322|-0.000735669762735|0.183984656984086
393|Kill Bill: Vol. 2 (2004)|-0.022570515380567|0.1578359326786|0.18562952965257|-0.165117125570185|0.013278735205182|-0.139532933332651|0.167630830913835|0.474934332526445|0.006242211419576|0.050994898406294|-0.126179564658911|0.052632576224744|0.080590591397|-0.037167983539454|0.111414781452558
414|Batman Forever (1995)|0.218089252813593|-0.009323676224152|0.050725390202058|-0.073224544143194|0.083830391552578|-0.010205145746789|-0.116476516786724|-0.03497416651626|-0.199161531486897|-0.09001002775198|-0.065392158218318|-0.010013471146919|0.042187130431789|-0.094728217055423|-0.245821078044653
424|Schindler's List (1993)|-0.137712479319316|-0.004989108413511|-0.119656103812026|0.043985459718708|0.096304596474832|0.041533927588199|-0.019862100317727|0.069337983797408|-0.0310090071235|-0.112168728918261|-0.007523111620905|0.055941434169154|0.000765646127357|-0.104491357883593|-0.053799691272451
453|A Beautiful Mind (2001)|-0.120418858159291|-0.056906565098466|-0.20840540432215|-0.023845763841413|0.116493354227066|-0.040462366299241|-0.034776520319647|0.017789437965001|-0.110152603402573|-0.024967133438978|0.044096904387443|0.006138617489092|-0.0098422404308|-0.02799521562015|0.009895617417039
462|Erin Brockovich (2000)|0.057760180591417|0.080232948396317|-0.101428641400536|0.048538094865303|0.114726634377235|-0.034069823046995|-0.122941937128994|0.029745769219754|0.02591206352436|0.088896461375707|-0.003102054121595|0.016184534317818|-0.01599421930446|-0.018194141358554|0.01426481828221
550|Fight Club (1999)|-0.153232886614186|0.15357746470206|0.00054935657032|-0.077367188711524|-0.010134373792106|-0.020567522572373|0.095782792555041|-0.105130237626936|-0.103723950334703|-0.037238582043911|0.090463054687603|-0.068517338609311|0.143593337660421|0.094803352338965|-0.090848750348801
557|Spider-Man (2002)|0.110887309328737|-0.08588236977223|0.046210489778313|-0.039678672498376|-0.155361624558331|-0.129599161285547|-0.011417384132813|-0.057017094749753|0.05082645686954|-0.203193117294801|-0.215100595070454|-0.125213733716124|-0.149297190486647|-0.285779076401159|-0.01304205284805
558|Spider-Man 2 (2004)|0.15664480976902|-0.071641841591342|0.058854552837855|-0.040657663475748|-0.135108970316925|-0.165672928810506|-0.024612180624563|-0.055175515284367|0.038397232343038|-0.214464163762258|-0.269877670565163|-0.145125624124227|-0.177936363994916|-0.296453912162628|-0.057161707155752
568|Apollo 13 (1995)|-0.007755766995512|0.004671574354616|-0.038495101735836|-0.000509933412773|-0.006178723882557|0.040808186936856|-0.138586464155603|-0.020309886463786|0.066553498894405|0.037378370285086|0.007416079003075|0.066392737411858|-0.055868978009375|-0.05791476502543|0.099592869614751
581|Dances with Wolves (1990)|0.014650651783356|0.022924066292657|-0.069275272743567|0.049595390578657|0.123291953370574|0.040014958016164|-0.082035247464991|0.016828409741288|0.027579441535411|0.029375026931628|-0.006022945065027|0.001471536346709|0.03920038463325|-0.082538261953534|-0.012198609901491
585|Monsters Inc. (2001)|-0.024014300871796|-0.012755028565199|0.021530403593125|0.198255134403584|-0.137203944208279|-0.055360748484401|0.028356332063185|0.008102707680802|-0.111475180340034|0.135310926990459|0.031119898187071|-0.020768400145325|-0.069808800601558|-0.00309804421912|0.107219355980113
597|Titanic (1997)|0.109876245662488|-0.137892618000027|-0.248880103475779|0.122403689506402|0.187447708892475|-0.009776504816864|0.011507725786673|0.198322978118877|0.210356107044173|-0.349317630988183|-0.07091076922298|-0.311173934784741|0.045426499596894|0.275887904981107|0.05720861323701
601|E.T. the Extra-Terrestrial (1982)|-0.011091809100855|-0.00133669548734|-0.026182265358738|0.123097960010362|-0.039709301094094|0.060740380986339|-0.125698927536453|0.111989881052975|0.077311548584103|-0.064698052952106|0.045474143516824|-0.021282705785154|-0.091775277959608|-0.116837754543439|0.112403164139563
602|Independence Day (a.k.a. ID4) (1996)|0.12081462884348|-0.13691329756052|-0.092183963617324|-0.121222075400952|-0.094228001689888|0.080223312564674|-0.003347034245838|0.076417765917443|0.07765798551292|0.04840180891831|0.078523018656422|-0.109709767276495|0.164490411575654|0.117631660532318|0.129461967061163
603|The Matrix (1999)|-0.214700288992569|-0.119924271384555|-0.00430201944243|-0.101075756612141|-0.103400397199323|0.020977101081652|0.022150747301661|-0.01066194814884|-0.125364419198286|-0.00044943261257|0.165709891162392|-0.202094803495746|-0.165373139909681|0.027863183364938|0.094369553442904
604|The Matrix Reloaded (2003)|0.035279308902305|-0.182206697261107|0.000106880166932|-0.229256551308413|0.095650477168711|-0.020731019678924|-0.026349548418122|0.064681371748661|-0.404385804084982|-0.036514521531012|0.10860145030008|-0.249963171387879|-0.232426670578664|0.093184453225785|0.26600973729612
607|Men in Black (a.k.a. MIB) (1997)|0.072756746754013|-0.062417676938296|0.037187893190776|-0.071546802536834|-0.185891898867358|0.095842745944293|0.05673407333714|0.083456914513633|-0.000343172691491|0.130676978412619|0.278662719763017|-0.150802287195074|0.003109235899042|-0.028611667331335|-0.119093920630185
629|The Usual Suspects (1995)|-0.107794232305371|0.123565405447815|-0.013573515456321|-0.033486400949356|-0.036540017674322|-0.057185799854367|0.00563684789772|-0.07266784568584|0.032134169081222|-0.030592443035866|-0.024231222182717|0.054799019930624|-0.040749310947481|0.038133015906137|-0.023433490876905
640|Catch Me If You Can (2002)|-0.035695803593679|-0.004757001196699|-0.129866696379687|-0.044528550977875|-0.000132720062453|-0.033677245932882|0.000962513085189|-0.037029323727861|-0.040014266757348|0.033051677416821|0.035380176850504|0.064465764831004|0.046199287614198|0.034152683609515|-0.000474409372204
641|Requiem for a Dream (2000)|-0.036694918196429|0.137652788491442|0.026708297116701|1.13E-05|0.072193935420997|0.005888389040641|-0.039844262450754|-0.088398104875605|-0.04702509027228|-0.029835953349088|0.056502212360075|-0.066437406414061|0.037863947075632|0.006790348251721|0.060240963731019
664|Twister (1996)|0.146330340501438|0.014938067185375|-0.01250827336733|-0.006667174619806|0.100178713825606|0.00141250117354|-0.089676194915601|-0.050775770728459|0.083974957205317|0.09292135796541|-0.001067290436577|-0.016299895311|0.053797000044809|0.022423547091623|0.100091414306127
671|Harry Potter and the Sorcerer's Stone (a.k.a. Harry Potter and the Philosopher's Stone) (2001)|0.086932997145389|-0.142040282715792|0.166188053178737|0.13360075438412|0.058175424870087|-0.245428327433734|-0.014170466977003|0.057880962072575|0.038018590245671|-0.286304646659926|0.369388590498209|0.291316698036336|0.096619054415019|-0.030787375066394|0.075000903239323
672|Harry Potter and the Chamber of Secrets (2002)|0.091271628831162|-0.143843132107473|0.164127675266531|0.125419769765964|0.068470575922331|-0.245943354320273|-0.002831798944209|0.029730356815819|0.026116183324003|-0.27838766998592|0.335922986028634|0.309001561680057|0.106398029758665|-0.005904681627523|0.042217518835719
680|Pulp Fiction (1994)|-0.166982750726632|0.189564748679112|0.067380278261014|-0.085505126835232|-0.006724850691271|0.035841049095779|0.069947137033657|0.121597964584247|-0.004378610454061|-0.085352165630807|0.049629688302387|-0.004048046788491|0.007686339455604|0.028499764638508|-0.230012511226958
745|The Sixth Sense (1999)|-0.058835423227209|-0.005366835679676|-0.116047377764819|-0.028046352990122|-0.021062536008052|-0.035915980444191|-0.073988508135354|-0.016490234617628|0.012968589651501|0.006181512674443|0.06073711445162|0.008592149749789|-0.005544449042347|-0.1268227439917|0.086906349486821
752|V for Vendetta (2006)|-0.045026793101432|0.039330510283591|0.031782519923311|-0.034045020806781|0.025029616542191|-0.067964999861999|0.037586911588326|-0.108258208067637|-0.107903782773841|0.086031237806758|-0.015598913959772|-0.136453677127904|0.24702224841682|-0.034800039930869|0.183148738894372
786|Almost Famous (2000)|0.044899316821255|0.109020020501553|0.026668686906317|0.037711886951423|0.051995567394039|-0.015871610079557|-0.084229788975745|-0.063963406714321|0.050928048614063|0.031242593530588|-0.029113181028883|0.004008079337044|-0.038002843992953|0.000676418384813|0.032145698595099
788|Mrs. Doubtfire (1993)|0.136835565920762|0.028551213419059|-0.101585240636026|0.102057775125985|0.092551187540323|0.073802275282708|-0.021596804802888|0.005533808853807|0.046268704390679|0.105878152183468|0.037212421588405|0.04063390727428|0.033954485603272|-0.0644468444825|0.035240947910159
807|Seven (a.k.a. Se7en) (1995)|-0.088379069263516|0.129074626467758|-0.011659125609321|-0.048689652049907|0.022229495497696|-0.045731294439412|0.023008809866506|-0.079189196944928|-0.041792884459027|-0.02878235213945|0.049069970291378|0.033476713346242|0.090965953951377|-0.074370254983423|0.022499020041533
808|Shrek (2001)|-0.016930021967804|-0.040880295717625|0.003923416718316|0.232320875965469|-0.126046877098896|-0.032473314498743|0.101382116743504|0.050885384106082|-0.233470467296689|0.180879563727508|0.061778112811764|0.080686885342037|-0.091239792970207|-0.069204003704026|-0.118059475685822
809|Shrek 2 (2004)|0.082341677586554|-0.03730479921535|0.023618644433012|0.175554345432965|-0.070727563388634|-0.034743634498907|0.071975868080521|0.029618091366901|-0.26927381240931|0.104542167566224|0.009582227579965|0.08513851901957|-0.113776446475305|-0.012727831561172|-0.171598289556701
812|Aladdin (1992)|0.066184214993136|-0.015821386576492|0.012149831801754|0.22604172219878|-0.061727979591778|0.001985725047249|0.033695185014321|0.003940304820751|-0.023884234414915|0.062373958877653|-0.106142693446531|-0.054150226058507|0.1596870380437|0.104186891080339|-0.058648430315778
854|The Mask (1994)|0.158601332539021|-0.006159530550326|-0.020264754340328|0.006999854521564|-0.020493581224027|0.228476272111068|0.273632950187543|-0.008620530651825|-0.078120292984614|-0.023222268761466|0.197460812623522|-0.101675159896279|-0.06341853901215|-0.131776745155022|-0.116862018536806
857|Saving Private Ryan (1998)|-0.093294170763031|-0.043939319496841|-0.130862431409556|-0.008965961484835|0.061923783142052|0.006564370802501|0.01073309230697|0.075644205715524|0.033557390841243|-0.05591765131397|-0.094011407165529|0.103414457741884|-0.089861809083271|-0.059883913123904|0.025909957033866
862|Toy Story (1995)|-0.040140716990732|-0.008048930482614|-0.003877091096014|0.258047823680049|-0.183288497452365|-0.015390017397854|0.105688498285486|0.065039505591773|-0.039521289386758|0.055752777475918|-0.071277194996022|-0.016071014728404|-0.088637095127509|0.031167904005219|0.122741940183413
954|Mission: Impossible (1996)|0.067509034333239|-0.092356422141139|-0.075145285935557|-0.165347945959835|-0.103847142528978|-0.064495206988949|-0.010868759705613|0.027746020181102|0.117310157399227|0.062306563508929|0.017040705943322|0.041066771345059|-0.099172836826279|0.205364756660426|-0.085613092091825
955|Mission: Impossible II (2000)|0.150526405502905|-0.10072403293984|-0.052015942984841|-0.176024908148262|-0.031484462967414|-0.104251635001686|-0.035740295528386|0.015070683976331|0.033601910738013|0.018958057568197|-0.03241855752275|0.006657824969177|-0.120484336127985|0.192712375918197|-0.125093086827484
1422|The Departed (2006)|-0.069457811920133|0.042125653047397|-0.08034698988761|-0.058904110382668|-0.011718788165346|-0.023041358980738|0.054473789692068|-0.038051782642647|-0.040393369714624|-0.041000242438193|-0.056840923884552|0.065584268994113|0.081545798756632|0.038208116848081|-0.055922494227096
1572|Die Hard: With a Vengeance (1995)|0.060390280896681|-0.037737124493515|-0.005846676708185|-0.118699898502317|-0.119354237776604|0.034686721987515|0.008956922950583|-0.004812585870228|0.124482406213049|0.133153702044|0.036132880629881|0.030987586269495|0.078915453397777|-0.050074797164008|-0.056648616713837
1597|Meet the Parents (2000)|0.11001964528427|0.049145620260733|-0.067587347641945|0.009258478814009|0.059614819840581|0.063096086117428|0.049292383276108|-0.038703869184996|-0.018323598362762|0.079281183821962|-0.042242242395897|0.144456971064051|-0.033948201373841|-0.002138390497206|0.024454983041746
1637|Speed (1994)|0.128780461211272|-0.025007536109535|-0.08288902912082|-0.086400717438472|-0.019546590788925|0.017032162469503|0.000470138122364|-0.01089385869626|0.128157438740594|0.062532314732032|0.070231544902379|0.009137589834504|0.014511462473762|0.006146030753297|0.0120675083913
1891|Star Wars: Episode V - The Empire Strikes Back (1980)|-0.121403640321755|-0.093722762718672|0.219118892107718|0.03159325244037|-0.09763192528584|0.253528883893718|-0.206738145564536|0.026261020703376|-0.011152747298744|-0.078725463472508|-0.121601670032759|0.079607926664782|0.017302270968112|0.124357680588308|-0.014496673335155
1892|Star Wars: Episode VI - Return of the Jedi (1983)|-0.09484706273747|-0.087727152487248|0.207099456714043|0.014566151021109|-0.058352322719945|0.274294349542429|-0.215539444259847|0.030038205519232|-0.054137735238097|-0.064747009554003|-0.109781122014146|0.089394636231006|0.037119973180192|0.120691583064527|-0.01285273215505
1894|Star Wars: Episode II - Attack of the Clones (2002)|0.103737838289585|-0.155550322943664|0.111279362582934|-0.104832116231882|0.16744458256278|0.182786628435559|-0.223961116909854|0.078515269292436|-0.384899535481751|-0.088922295848927|-0.073515288796809|0.039891068110966|0.076948868222291|0.028237848118391|0.070818616940161
1900|Traffic (2000)|0.008873830207542|0.109462792515888|0.005401525851069|-0.012760805878845|0.047509040658433|-0.042985512867566|-0.05409874559795|-0.046765736165302|0.009573352802983|0.02297950131189|-0.039059500702251|0.019792045805163|-0.024048919219912|0.009722738800339|0.011043798941559
2024|The Patriot (2000)|0.076235461606872|-0.045249264082282|-0.102387394669948|-0.030015248571168|0.105701370054712|-0.008913504220475|-0.031611848376198|0.014341072985889|-0.019300207171523|0.097579861439911|-0.106753496246055|0.060343149914501|0.078873181053018|-0.043847165840752|0.004054635797059
2164|Stargate (1994)|0.05315204790417|0.002269495803044|0.046303366610869|-0.044137306843645|0.007508973908613|0.068358799491576|-0.088809703030975|-0.058523130400734|0.009309582395862|0.096731931792258|0.040373948288802|-0.01630770215058|0.125423233348873|-0.062065660973051|0.107891208015178
2501|The Bourne Identity (2002)|-0.058254815195004|-0.06544537763783|-0.108713437100517|-0.14698690925928|-0.076023177640293|-0.120144713528696|0.026948710179969|-0.040706581748699|0.008182088803469|0.053152590618499|-0.054821092140113|0.275998136566842|-0.199306064098025|0.194444768514391|0.005498894377563
2502|The Bourne Supremacy (2004)|-0.033356547958146|-0.070855319799602|-0.108719285384346|-0.151023633675799|-0.053941546175296|-0.134707196602288|0.011131768044412|-0.03668097002096|-0.014197800230845|0.057072415083872|-0.065949781428196|0.27212827688068|-0.193091294773938|0.202581948213027|0.005454904044132
3049|Ace Ventura: Pet Detective (1994)|0.190878768951807|0.067746937750928|0.002918185243422|-0.033348008477568|0.074342937875246|0.285012405734977|0.386962340658914|-0.088550222200202|-0.025469501752344|-0.153609283443195|0.019708685635455|0.069422547380611|-0.039799795802271|0.044614531605883|0.016156198898341
4327|Charlie's Angels (2000)|0.281989576779325|0.080262291353567|0.112267661341816|-0.043805478713758|0.022552390789149|-0.093859970924131|-0.066124019700174|0.047215823749221|0.044849548094697|0.061067909116312|-0.045692045640977|-0.068777732636789|-0.123569991402746|0.098927921593598|-0.281855422590383
5503|The Fugitive (1993)|0.014493014720678|0.026908388897128|-0.062120166552673|-0.00403150239284|-0.027981256783402|0.021482260769408|-0.080599597082713|-0.021080410023492|0.104280613174387|0.082791571066874|-0.001465254708528|0.091085022229352|-0.002470896025107|-0.030772723231228|-0.00248187970715
7443|Chicken Run (2000)|0.085056070533453|0.091368263726949|0.057349886068889|0.134479071604566|0.009811723690127|-0.031255971137814|-0.031756421707894|-0.064910632768929|-0.049140987535922|0.070172335261043|-0.086348942838029|0.015964160237134|-0.039596116951882|0.017079790652544|0.011771427760152
8358|Cast Away (2000)|0.008792344180367|-0.016787951415468|-0.13075706795114|-0.034422243673143|0.057919778322308|-0.021206541524913|-0.047935992040195|0.009803776863217|-0.038469988173417|0.018525244562007|0.001558733463064|0.056675064942119|0.019664497488516|-0.094480408165421|0.059780835175457
8467|Dumb & Dumber (1994)|0.190638147575656|0.110683008397746|-0.010020840215034|-0.012113890964415|0.13871982294195|0.308334976131612|0.394489765167549|-0.14566236126381|-0.015437610291104|-0.157103814007053|-0.121444082265713|0.219124706339822|-0.152166441318623|0.034849384278171|0.202725327452801
8587|The Lion King (1994)|-0.013674269315371|-0.083707714548958|-0.107207026901685|0.257332513979773|-0.025945231442825|0.00377753036579|0.073018533766268|0.07371481892219|-0.044656786830248|0.025700026339804|-0.096756954420859|-0.080215425365216|0.16608293895003|0.108001675154442|-0.054983915928528
9331|Clear and Present Danger (1994)|0.060349617738445|0.022646701865342|-0.012660945876657|-0.016603084200481|0.02708147320974|-0.00851851510038|-0.074413366502934|-0.018159642464976|0.073189445416804|0.090508184854062|-0.021630606532125|0.070184875302679|0.031396138875077|-0.025871317421265|0.036496313039637
9741|Unbreakable (2000)|0.061208562685056|0.050925441108992|-0.011916291711031|-0.020700877610563|0.046128561015038|-0.028743493550988|-0.038288392037143|-0.065023921043062|-0.014504420344045|0.07124072158201|0.020077092119139|-0.010898273162345|-0.005001619002382|-0.040763988931482|0.091656837707554
9802|The Rock (1996)|0.06548584928608|-0.022009414866375|-0.044214927882004|-0.080980214729902|-0.000521137778455|0.020005717235353|-0.042701022538452|-0.0414921855723|0.045870435053519|0.160479228082436|-0.016669212419376|0.077510776365875|0.076565921960055|-0.103795662343911|-0.013613829234826
9806|The Incredibles (2004)|0.01121048565955|-0.004647111987731|0.030691942260593|0.187176551923018|-0.211637480208971|-0.091898318202444|0.071544403538129|-0.046872626929813|-0.035990398720829|0.052421552502246|-0.101780580311177|-0.019164301538002|-0.079617335499096|0.005674766225137|0.12766277858406
10020|Beauty and the Beast (1991)|0.090143257046011|0.000450618009784|-0.01554798738568|0.262151489240368|-0.004626408121948|-0.028203639986891|-0.000892109237719|0.051988077560106|0.010581073784466|0.037815600371357|-0.103800270863327|-0.061564723399891|0.121975771137945|0.108154835285764|-0.061090280648863
36657|X-Men (2000)|0.056898130128399|-0.081200166377098|0.065978704774609|-0.08994414376164|-0.116017272134275|-0.10696986222084|-0.004191237205031|-0.105029392009772|-0.014137397814432|-0.038456928473157|-0.019621623684261|-0.037228161844873|0.078751636032186|-0.168767598095755|0.008502432391083
36658|X2: X-Men United (2003)|0.081363507159771|-0.065050033317122|0.070286837771551|-0.069998938709902|-0.077793550842003|-0.110695340944667|-0.029912352376364|-0.091039967518281|-0.028855300467369|-0.063203861996468|-0.035058519701205|-0.029101260987069|0.035654975808308|-0.151550014162201|-0.036138063440534
36955|True Lies (1994)|0.121519581140585|0.024128466178487|-0.000334466096475|-0.049973641960374|-0.034978500272363|0.09345084133112|-0.016830069304007|-0.00861180915032|0.159002050355366|0.109324289242071|0.058863482160308|-0.007593229777793|0.040927362602631|-0.027811504825651|-0.002834454914581
